<?xml version="1.0"?>
<skin version="1.1" name="Glow" author="LongTail Video">

	<settings>
		<setting name="backcolor" value="0x000000" />
		<setting name="frontcolor" value="0xeeeeee" />
		<setting name="lightcolor" value="0xeeeeee" />
		<setting name="screencolor" value="0x000000" />
	</settings>

	<components>
		<component name="controlbar">
			<settings>
				<setting name="margin" value="0" />
				<setting name="padding" value="0" />
				<setting name="fontsize" value="11" />
				<setting name="alpha" value="92" />
				<setting name="volhieght" value="100" />
				<setting name="fontcolor" value="0xEEEEEE" />
				<setting name="buttoncolor" value="0xEEEEEE" />
				<setting name="thumbfix" value="enable" />
				<setting name="volumevertical" value="enable" />
				<setting name="excomment" value="enable" />
				<setting name="position" value="bottom" />
			</settings>

			<layout>
				<group position="left">
					<button name="play" />
				</group>
				<group position="center">
					<slider name="time" />
				</group>
				<group position="right">
					<button name="timShower" />
					<button name="mute" />
					<button name="hidecmt" />
					<button name="loopon" />
					<button name="hidelist" />
					<button name="fullscreen" />
				</group>
			</layout>
			<elements>
				<element name="background" src="background.png" />
				<element name="capLeft" src="backgroundLeft.png" />
				<element name="capRight" src="backgroundRight.png" />
				<element name="hidecmtButton" src="hidecmt.png" />
				<element name="hidecmtButtonOver" src="hidecmtOver.png" />
				<element name="hidelistButton" src="hidelist.png" />
				<element name="hidelistButtonOver" src="hidelistOver.png" />
				<element name="showcmtButton" src="showcmt.png" />
				<element name="showcmtButtonOver" src="showcmtOver.png" />
				<element name="showlistButton" src="showlist.png" />
				<element name="showlistButtonOver" src="showlistOver.png" />
				<element name="looponButton" src="loopon.png" />
				<element name="looponButtonOver" src="looponOver.png" />
				<element name="loopoffButton" src="loopoff.png" />
				<element name="loopoffButtonOver" src="loopoffOver.png" />
				<element name="divider" src="divider.png" />
				<element name="blankButton" src="blankButton.png" />
				<element name="fullscreenButton" src="fullscreenButton.png" />
				<element name="fullscreenButtonOver" src="fullscreenButtonOver.png" />
				<element name="muteButton" src="muteButton.png" />
				<element name="muteButtonOver" src="muteButtonOver.png" />
				<element name="pauseButton" src="pauseButton.png" />
				<element name="pauseButtonOver" src="pauseButtonOver.png" />
				<element name="playButton" src="playButton.png" />
				<element name="playButtonOver" src="playButtonOver.png" />
				<element name="timeSliderBuffer" src="timeSliderBuffer.png" />
				<element name="timeSliderCapLeft" src="timeSliderCapLeft.png" />
				<element name="timeSliderCapRight" src="timeSliderCapRight.png" />
				<element name="timeSliderProgress" src="timeSliderProgress.png" />
				<element name="timeSliderRail" src="timeSliderRail.png" />
				<element name="timeSliderThumb" src="timeSliderThumb.png" />
				<element name="normalscreenButton" src="normalscreenButton.png" />
				<element name="normalscreenButtonOver" src="normalscreenButtonOver.png" />
				<element name="unmuteButton" src="unmuteButton.png" />
				<element name="unmuteButtonOver" src="unmuteButtonOver.png" />
				<element name="volumeSliderBuffer" src="volumeSliderBuffer.png" />
				<element name="volumeSliderCapLeft" src="volumeSliderCapLeft.png" />
				<element name="volumeSliderCapRight" src="volumeSliderCapRight.png" />
				<element name="volumeSliderProgress" src="volumeSliderProgress.png" />
				<element name="volumeSliderRail" src="volumeSliderRail.png" />
				<element name="volumeSliderThumb" src="volumeSliderThumb.png" />
				<element name="volumeSliderCapUp" src="volumeSliderCapUp.png" />
				<element name="volumeSliderCapDown" src="volumeSliderCapDown.png" />
				<element name="volumeSliderProgressV" src="volumeSliderProgressV.png" />
				<element name="volumeSliderRailV" src="volumeSliderRailV.png" />
				<element name="volumeSliderThumbV" src="volumeSliderThumbV.png" />
				<element name="volumevSliderCapUp" src="volumeSliderCapUp.png" />
				<element name="volumevSliderCapDown" src="volumeSliderCapDown.png" />
				<element name="volumevSliderProgressV" src="volumeSliderProgressV.png" />
				<element name="volumevSliderRailV" src="volumeSliderRailV.png" />
				<element name="volumevSliderThumbV" src="volumeSliderThumbV.png" />
			</elements>
		</component>
		<component name="display">
			<settings>
				<setting name="bufferinterval" value="250" />
				<setting name="bufferrotation" value="90" />
			</settings>
			<elements>
				<element name="background" src="background.png" />
				<element name="playIcon" src="playIcon.png" />
				<element name="muteIcon" src="muteIcon.png" />
				<element name="errorIcon" src="bufferIcon.png" />
				<element name="bufferIcon" src="bufferIcon.png" />
			</elements>
		</component>
		
		<component name="dock">
			<settings>
				<setting name="fontcolor" value="0xFFFFFF" />
			</settings>
			<elements>
				<element name="button" src="button.png" />
			</elements>
		</component>

		<component name="playlist">
			<settings>
				<setting name="fontcolor" value="0xEEEEEE" />
				<setting name="overcolor" value="0xFFFFFF" />
				<setting name="activecolor" value="0xFFFFFF" />
				<setting name="backgroundcolor" value="0x333333" />
				<setting name="font" value="arial" />
				<setting name="fontsize" value="15" />
			</settings>
			<elements>
				<element name="item" src="item.png" />
				<element name="itemOver" src="itemOver.png" />
				<element name="sliderCapBottom" src="sliderCapBottom.png" />
				<element name="sliderCapTop" src="sliderCapTop.png" />
				<element name="sliderRail" src="sliderRail.png" />
				<element name="sliderThumb" src="sliderThumb.png" />
			</elements>
		</component>

		<component name="sharing">
			<elements>
				<element name="embedIcon" src="embedIcon.png" />
				<element name="embedScreen" src="embedScreen.png" />
				<element name="shareIcon" src="shareIcon.png" />
				<element name="shareScreen" src="shareScreen.png" />
			</elements>
		</component>

		<component name="commentinput">
			<elements>
				<element name="send" src="send.png" />
				<element name="model" src="model.png" />
				<element name="colorpicker" src="colorpicker.png" />
				<element name="colorpickerover" src="colorpickerover.png" />
				<element name="av" src="acfun.png" />
				<element name="left" src="l.png" />
				<element name="middle" src="m.png" />
				<element name="right" src="r.png" />
				<element name="bleft" src="bl.png" />
				<element name="bmiddle" src="bm.png" />
				<element name="bright" src="br.png" />
				<element name="size" src="size.png" />
				<element name="model_listbg_d" src="model_listbg_d.png" />
				<element name="model_listbg_m" src="model_listbg_m.png" />
				<element name="model_listbg_u" src="model_listbg_u.png" />
				<element name="model_item_0" src="model_item_0.png" />
				<element name="model_item_1" src="model_item_1.png" />
				<element name="model_item_2" src="model_item_2.png" />
				<element name="model_item_3" src="model_item_3.png" />
				<element name="size_listbg_d" src="size_listbg_d.png" />
				<element name="size_listbg_m" src="size_listbg_m.png" />
				<element name="size_listbg_u" src="size_listbg_u.png" />
				<element name="size_item_0" src="size_item_0.png" />
				<element name="size_item_1" src="size_item_1.png" />
				<element name="size_item_2" src="size_item_2.png" />
			</elements>
		</component>
		<component name="rightlist">
			<settings>
				<setting name="transparency" value="on" />
			</settings>
			<elements>
				<element name="split" src="split.png" />
				<element name="comment" src="on.png" />
				<element name="online" src="on.png" />
				<element name="favourite" src="on.png" />
				<element name="favouriteoff" src="off.png" />
				<element name="commentoff" src="off.png" />
				<element name="onlineoff" src="off.png" />
				<element name="commentfh" src="footerheight.png" />
				<element name="onlinefh" src="footerheight.png" />
				<element name="favouritefh" src="footerheight.png" />
			</elements>
		</component>
		<component name="leftbar">
			<settings>
				<setting name="enable" value="on" />
			</settings>
			<elements>
				<element name="tipsicon" src="tipsicon.png" />
				<element name="share" src="share.png" />
				<element name="on" src="on.png" />
				<element name="off" src="off.png" />
				<element name="set" src="set.png" />
				<element name="comment" src="comment.png" />
				<element name="buttonbg" src="buttonbg.png" />
				<element name="shareicon" src="shareicon.png" />
				<element name="shareclose" src="shareclose.png" />
				<element name="labsetting" src="labsetting.png" />
				<element name="labsettingoff" src="labsettingoff.png" />
				<element name="labfiliter" src="labfiliter.png" />
				<element name="labfiliteroff" src="labfiliteroff.png" />
				<element name="labtips" src="labtips.png" />
				<element name="labtipsoff" src="labtipsoff.png" />
				<element name="splitline" src="splitline.png" />
				<element name="setclose" src="setclose.png" />
				<element name="checkbox" src="check.png" />
				<element name="checkboxMark" src="check_mark.png" />
				<element name="checkboxDis" src="check_disable.png" />
				<element name="checkboxOn" src="check_on.png" />
			</elements>
		</component>
		<component name="icons">
			<elements>
				<element name="kaixin001" src="kaixin001.png" />
				<element name="qzone" src="qzone.png" />
				<element name="renren" src="renren.png" />
				<element name="tqq" src="tqq.png" />
				<element name="weibo" src="weibo.png" />
				<element name="sina" src="weibo.png" />
			</elements>
		</component>
	</components>

</skin>